{"cameraMode":{"drawMode":0,"name":"Shaded","section":"Shading Mode"},"sceneLighting":false,"audioPlay":false,"sceneViewState":{"m_AlwaysRefresh":false,"showFog":true,"showSkybox":false,"showFlares":true,"showImageEffects":true,"showParticleSystems":true,"showVisualEffectGraphs":true,"m_FxEnabled":true},"in2DMode":false,"pivot":{"x":-0.030776500701904298,"y":4.632918357849121,"z":0.00745081901550293},"rotation":{"x":0.06042839586734772,"y":0.8915202021598816,"z":-0.12559285759925843,"w":0.431367427110672},"size":4.575102806091309,"orthographic":false}